{"cameraMode":{"drawMode":0,"name":"Shaded","section":"Shading Mode"},"sceneLighting":false,"audioPlay":false,"sceneViewState":{"m_AlwaysRefresh":false,"showFog":true,"showSkybox":false,"showFlares":true,"showImageEffects":true,"showParticleSystems":true,"showVisualEffectGraphs":true,"m_FxEnabled":true},"in2DMode":false,"pivot":{"x":-0.3049100637435913,"y":-0.7228276133537293,"z":1.1974761486053467},"rotation":{"x":-0.10405930876731873,"y":0.7233105897903442,"z":-0.11176740378141403,"w":-0.6734272241592407},"size":2.9005539417266847,"orthographic":false}