{"cameraMode":{"drawMode":0,"name":"Shaded","section":"Shading Mode"},"sceneLighting":false,"audioPlay":false,"sceneViewState":{"m_AlwaysRefresh":false,"showFog":true,"showSkybox":false,"showFlares":true,"showImageEffects":true,"showParticleSystems":true,"showVisualEffectGraphs":true,"m_FxEnabled":true},"in2DMode":false,"pivot":{"x":24.266693115234376,"y":-6.142783164978027,"z":73.52925872802735},"rotation":{"x":0.028438566252589227,"y":0.06353382021188736,"z":-0.001810364774428308,"w":0.997580885887146},"size":50.299095153808597,"orthographic":false}