{"cameraMode":{"drawMode":0,"name":"Shaded","section":"Shading Mode"},"sceneLighting":false,"audioPlay":false,"sceneViewState":{"m_AlwaysRefresh":false,"showFog":true,"showSkybox":false,"showFlares":true,"showImageEffects":true,"showParticleSystems":true,"showVisualEffectGraphs":true,"m_FxEnabled":true},"in2DMode":false,"pivot":{"x":2.489516496658325,"y":-0.6507326364517212,"z":36.881935119628909},"rotation":{"x":-0.0141011793166399,"y":-0.010221919044852257,"z":0.0001296445552725345,"w":-0.9998882412910461},"size":19.527362823486329,"orthographic":false}